<?xml version="1.0" encoding="UTF-8"?>
<project-private xmlns="http://www.netbeans.org/ns/project-private/1">
    <editor-bookmarks xmlns="http://www.netbeans.org/ns/editor-bookmarks/2" lastBookmarkId="0"/>
    <open-files xmlns="http://www.netbeans.org/ns/projectui-open-files/2">
        <group name="CMSC335ObjectOrientedConcurrentProg">
            <file>file:/C:/Users/Chaos/Documents/NetBeansProjects/P3GUI/src/p3gui/BinaryTree.java</file>
            <file>file:/C:/Users/Chaos/Documents/NetBeansProjects/P3GUI/src/p3gui/Frac.java</file>
            <file>file:/C:/Users/Chaos/Documents/NetBeansProjects/P3GUI/src/p3gui/TNode.java</file>
            <file>file:/C:/Users/Chaos/Documents/NetBeansProjects/P3GUI/src/p3gui/P3GUI.java</file>
        </group>
        <group name="CMSC350DataStructures"/>
    </open-files>
</project-private>
