<?xml version="1.0" encoding="UTF-8"?>
<project-private xmlns="http://www.netbeans.org/ns/project-private/1">
    <editor-bookmarks xmlns="http://www.netbeans.org/ns/editor-bookmarks/2" lastBookmarkId="0"/>
    <open-files xmlns="http://www.netbeans.org/ns/projectui-open-files/2">
        <group name="CMSC325GameDesign">
            <file>file:/C:/Users/Chaos/Documents/NetBeansProjects/HW2Animate/src/hw2animate/HW2Animate.java</file>
            <file>file:/C:/Users/Chaos/Documents/NetBeansProjects/HW2Animate/src/hw2animate/MyImages.java</file>
        </group>
    </open-files>
</project-private>
