<?xml version="1.0" encoding="UTF-8"?>
<project-private xmlns="http://www.netbeans.org/ns/project-private/1">
    <editor-bookmarks xmlns="http://www.netbeans.org/ns/editor-bookmarks/2" lastBookmarkId="0"/>
    <open-files xmlns="http://www.netbeans.org/ns/projectui-open-files/2">
        <group name="CMSC330AdvancedProgLang">
            <file>file:/C:/Users/Chaos/Documents/NetBeansProjects/P1RecursiveDescentParser/src/p1recursivedescentparser/NewClass.java</file>
            <file>file:/C:/Users/Chaos/Documents/NetBeansProjects/P1RecursiveDescentParser/src/p1recursivedescentparser/P1RecursiveDescentParser.java</file>
            <file>file:/C:/Users/Chaos/Documents/NetBeansProjects/P1RecursiveDescentParser/src/p1recursivedescentparser/CheckMe.java</file>
            <file>file:/C:/Users/Chaos/Documents/NetBeansProjects/P1RecursiveDescentParser/src/p1recursivedescentparser/Parser.java</file>
        </group>
    </open-files>
</project-private>
