<?xml version="1.0" encoding="UTF-8"?>
<project-private xmlns="http://www.netbeans.org/ns/project-private/1">
    <editor-bookmarks xmlns="http://www.netbeans.org/ns/editor-bookmarks/2" lastBookmarkId="0"/>
    <open-files xmlns="http://www.netbeans.org/ns/projectui-open-files/2">
        <group name="CMSC405ComputerGraphics">
            <file>file:/C:/Users/Chaos/Documents/NetBeansProjects/FourLights/src/fourlights/Camera.java</file>
            <file>file:/C:/Users/Chaos/Documents/NetBeansProjects/FourLights/src/fourlights/FourLights.java</file>
        </group>
    </open-files>
</project-private>
