<?xml version="1.0" encoding="UTF-8"?>
<project-private xmlns="http://www.netbeans.org/ns/project-private/1">
    <editor-bookmarks xmlns="http://www.netbeans.org/ns/editor-bookmarks/2" lastBookmarkId="0"/>
    <open-files xmlns="http://www.netbeans.org/ns/projectui-open-files/2">
        <group name="Java Book">
            <file>file:/C:/Users/Chaos/Documents/NetBeansProjects/Example/src/example/Example.java</file>
        </group>
        <group name="JavaBookPt1"/>
    </open-files>
</project-private>
